sample_id,grounding,relevance,safety,helpfulness,reason,annotator,label_source
01ca4b3e1aae4b50,,,,,,,
4e48c8a7143c1b1e,,,,,,,
bbca30fb3b0b2863,,,,,,,
a95874485a007359,,,,,,,
92148ceae75974c7,,,,,,,
a3fff13d52f2b515,,,,,,,
a461f410ad92acf2,,,,,,,
aae4842a4cf81c73,,,,,,,
338c1d91e45921d9,,,,,,,
6b5e01be8f5a2199,,,,,,,
dd4fcd684c4b052e,,,,,,,
cda1d8936f05d8ae,,,,,,,
464d3b8bdd5e5abc,,,,,,,
6eaa6da08e75ae26,,,,,,,
18ffeb08774e69b9,,,,,,,
ed5c29e709023b2a,,,,,,,
ba091a95a37d5e93,,,,,,,
2d01b803c5f728c4,,,,,,,
6f0e74bd94db905e,,,,,,,
a53fcaefb666644b,,,,,,,
c3e16061a152a6f9,,,,,,,
76a41bf6583a8e16,,,,,,,
35736f623bd3dab3,,,,,,,
41277d31d31a2176,,,,,,,
3810c4902479f1e9,,,,,,,
c6ded9fa9627aa28,,,,,,,
e95933d5926ebbcb,,,,,,,
460b88b61a161e07,,,,,,,
09a6a8f9f072a6c5,,,,,,,
fd8f010a84e4021f,,,,,,,
2e450d577984be4e,,,,,,,
1b9355de3136d1e5,,,,,,,
44e74e1c47318dbc,,,,,,,
90cc102d189ef13c,,,,,,,
7e8db1b65d3b7e4d,,,,,,,
a9bb462577764791,,,,,,,
e99c2c05273d4b58,,,,,,,
2a77e086a3fd6bae,,,,,,,
8516dad9a2ccaf8f,,,,,,,
1be9a325d97d7147,,,,,,,
1d264699066995f8,,,,,,,
655952c19cdea2bb,,,,,,,
d58d79dce0dd4fb5,,,,,,,
067c9f92d688dde7,,,,,,,
28aaf0eb30880960,,,,,,,
c3f56891412f06f0,,,,,,,
cf0f533dc95fe404,,,,,,,
3ef24950c19e7b9b,,,,,,,
4eee360acf14111d,,,,,,,
a284730ddec9c841,,,,,,,
a00fe687be63aeb4,,,,,,,
066608dc77a87cd1,,,,,,,
4d1e5ee153c500b2,,,,,,,
4cf7bc64a6d0dfe1,,,,,,,
c9e3e6743bb8abe1,,,,,,,
96a6316fcb70c60a,,,,,,,
88d9100673183e42,,,,,,,
13e6d9f648129d55,,,,,,,
498495fa63216826,,,,,,,
f7d388791f828761,,,,,,,
